{"x_mean": [0.7500739049052156, 0.7522970953491598, 0.004146515172753862, 0.05367634617879538, 0.009473715267653105], "x_std": [0.40933850483817585, 0.3389765612351433, 0.007739629498202357, 0.02420241707232795, 0.051237251742035424], "y_mean": 8308.964975617717, "y_std": 10839.876362891073}