{"x_mean": [0.8736583013640316, 0.7900729102529483, 0.014164834508588943, 0.028224531370629906, 0.1755052653206719], "x_std": [0.4358165566960607, 0.49446756134221914, 0.019893048876601205, 0.032370788268851786, 0.11481825438723219], "y_mean": 9868.338839641125, "y_std": 13277.832602448389}