{"x_mean": [0.3775237275409101, 2.4833467756191374, 0.01571153439781539, 0.009868891824618396, 0.17745929039078495], "x_std": [0.35869846108656, 2.3836095785566944, 0.01541855900543816, 0.023840353574444265, 0.12085720482554256], "y_mean": 7278.323313831175, "y_std": 11908.453219371519}