{"x_mean": [1.0226683670909968, 4.055445556083159, 0.22718967142298552, 0.00827746078699525, 0.08718157028589145], "x_std": [1.1339995536828784, 3.6248362520390565, 0.20574375117962967, 0.013041197198850201, 0.05988375426213477], "y_mean": 10079.019953324643, "y_std": 22751.59614657662}