{"x_mean": [0.5107030123916168, 1.0494615459592125, 0.2601205391284964, -0.00019279048929168708, 0.11496581441939825, 255053.66371519235, 104941.15140235607, 19012.009906974115, 500.09974280765636, 1.8172873708027293, 0.022504970841141843, 0.6248234746190151, 4.500517014537155], "x_std": [0.28287032366300036, 0.5479003132050836, 0.13856489345021492, 0.057745748021886506, 0.04900094693581749, 124064.92682256983, 54859.574376805984, 6350.412241314957, 287.96083675553496, 1.0308137658552787, 0.007213521470654986, 0.3611501100623978, 0.8664589456829161], "y_mean": 34159.00330438174, "y_std": 79931.73117537292}