{"x_mean": [0.043015192557977616, 0.12646200323241652, 0.023143914653808977, 0.007017409200690226, 0.040014577646751], "x_std": [0.046084940660988116, 0.0688742061181151, 0.01957261177604325, 0.00838875793575777, 0.030183503805945915], "y_mean": 5709.710341389047, "y_std": 9197.853773539446}