{"x_mean": [0.11892993333686307, 0.17174882210083978, 0.05288580686406371, 0.00899679386576797, 0.03716820822306071], "x_std": [0.13253140881251796, 0.2657527532081568, 0.04876583333007784, 0.021901259245117755, 0.04374222697113241], "y_mean": 7355.047981988679, "y_std": 10857.687571271756}